<?xml version="1.0" encoding="UTF-8"?>
<beans xmlns="http://www.springframework.org/schema/beans"
       xmlns:xsi="http://www.w3.org/2001/XMLSchema-instance"
       xmlns:context="http://www.springframework.org/schema/context"
       xmlns:mvc="http://www.springframework.org/schema/mvc"
       xsi:schemaLocation="http://www.springframework.org/schema/beans http://www.springframework.org/schema/beans/spring-beans.xsd http://www.springframework.org/schema/context http://www.springframework.org/schema/context/spring-context.xsd http://www.springframework.org/schema/mvc http://www.springframework.org/schema/mvc/spring-mvc.xsd">

    <!--打开包扫描器-->
    <context:component-scan base-package="com.jnu"/>
    <!--开启注解驱动-->
    <mvc:annotation-driven/>

    <!--加载外部的属性配置文件到IOC容器-->
    <bean class="org.springframework.beans.factory.config.PropertyPlaceholderConfigurer">
        <property name="location" value="classpath:mysql.properties"/>
    </bean>

    <!--配置数据源-->
    <bean id="dataSource" class="com.mchange.v2.c3p0.ComboPooledDataSource">
        <property name="driverClass" value="${driverClass}"/>
        <property name="jdbcUrl" value="${jdbcUrl}"/>
        <property name="user" value="${user}"/>
        <property name="password" value="${password}"/>
        <property name="initialPoolSize" value="${initialPoolSize}"/>
    </bean>

    <!--配置mybatis-->
    <bean id="sqlSession" class="org.mybatis.spring.SqlSessionFactoryBean">
        <property name="dataSource" ref="dataSource"/>
        <property name="mapperLocations" value="classpath*:mapper/i*Dao.xml"/>
    </bean>

    <!--配置mapper包扫描器-->
    <bean class="org.mybatis.spring.mapper.MapperScannerConfigurer">
        <property name="basePackage" value="com.jnu.dao"/>
        <property name="sqlSessionFactoryBeanName" value="sqlSession"/>
    </bean>
    <!--事务管理-->
    <!--分页查询PageHellp-->
</beans>
